<?xml version="1.0" encoding="UTF-8"?>
<project-private xmlns="http://www.netbeans.org/ns/project-private/1">
    <editor-bookmarks xmlns="http://www.netbeans.org/ns/editor-bookmarks/2" lastBookmarkId="0"/>
    <open-files xmlns="http://www.netbeans.org/ns/projectui-open-files/2">
        <group>
            <file>file:/D:/Documents/NetBeansProjects/PhpProject2/contact_1.php</file>
            <file>file:/D:/Documents/NetBeansProjects/PhpProject2/sidebar-right.php</file>
            <file>file:/D:/Documents/NetBeansProjects/PhpProject2/signin.php</file>
            <file>file:/D:/Documents/NetBeansProjects/PhpProject2/signup.php</file>
            <file>file:/D:/Documents/NetBeansProjects/PhpProject2/index.php</file>
            <file>file:/D:/Documents/NetBeansProjects/PhpProject2/portfolio_1.php</file>
            <file>file:/D:/Documents/NetBeansProjects/PhpProject2/confirmation.php</file>
            <file>file:/D:/Documents/NetBeansProjects/PhpProject2/contact.php</file>
            <file>file:/D:/Documents/NetBeansProjects/PhpProject2/portfolio.php</file>
            <file>file:/D:/Documents/NetBeansProjects/PhpProject2/sidebar-left.php</file>
            <file>file:/D:/Documents/NetBeansProjects/PhpProject2/about_1.php</file>
            <file>file:/D:/Documents/NetBeansProjects/PhpProject2/index_1.php</file>
            <file>file:/D:/Documents/NetBeansProjects/PhpProject2/about.php</file>
            <file>file:/D:/Documents/NetBeansProjects/PhpProject2/editprofil.php</file>
        </group>
    </open-files>
</project-private>
